service,city
hydraulik,krakow
hydraulik,warszawa
hydraulik,wroclaw
hydraulik,katowice
hydraulik,poznan
hydraulik,gdansk
elektryk,krakow
elektryk,warszawa
elektryk,wroclaw
elektryk,katowice
elektryk,poznan
elektryk,gdansk
pompa-ciepla,krakow
pompa-ciepla,warszawa
pompa-ciepla,wroclaw
pompa-ciepla,katowice
pompa-ciepla,poznan
pompa-ciepla,gdansk
remont-lazienki,krakow
remont-lazienki,warszawa
remont-lazienki,wroclaw
remont-lazienki,katowice
remont-lazienki,poznan
remont-lazienki,gdansk
fotowoltaika,krakow
fotowoltaika,warszawa
fotowoltaika,wroclaw
fotowoltaika,katowice
fotowoltaika,poznan
fotowoltaika,gdansk
